{
	"class_name" : "PinholeCameraParameters",
	"extrinsic" : 
	[
		0.16541289385562824,
		-0.9494076032905171,
		0.2669527624139949,
		0.0,
		-0.97649224374699184,
		-0.11973355380476508,
		0.1792394320322597,
		0.0,
		-0.1382080766390745,
		-0.29032581508959476,
		-0.94689463439407573,
		0.0,
		5.0808140324224018,
		1.1388662676623866,
		79.579439483303972,
		1.0
	],
	"intrinsic" : 
	{
		"height" : 800,
		"intrinsic_matrix" : 
		[
			692.82032302755101,
			0.0,
			0.0,
			0.0,
			692.82032302755101,
			0.0,
			399.5,
			399.5,
			1.0
		],
		"width" : 800
	},
	"version_major" : 1,
	"version_minor" : 0
}